feature,low_mean,low_median,high_mean,high_median,p_value,effect_size
shannon_entropy,3.8298620612929306,3.953802781430582,4.030202203195726,4.074130589309776,6.1396279489786656e-12,0.4414984542644117
local_complexity,2.8085110231569783,2.858733999056246,2.9598378085677153,2.973891629215943,4.0497895171426457e-10,0.4014184397163121
repeat_fraction,0.05636374196642191,0.02438120646213125,0.020815067637599133,0.0130718954248366,0.0032052836330080004,-0.18241498454264415
hydrophobicity_mean,-0.35862054323200687,-0.4092417989041486,-0.27883685626951865,-0.2942477876106193,0.006340255858723447,0.1752682305873795
seq_length,186.89361702127658,150.0,268.58290598290597,182.0,0.013524616375647822,0.15857428623386072
fraction_charged,0.23684054460342396,0.24245923437609346,0.251439818705172,0.2547914317925592,0.09792217044642175,0.10627386797599558
max_homopolymer,3.0425531914893615,3.0,2.825641025641026,3.0,0.15262228186361135,-0.08457901436624837
member_count,17.5,1.5,20.198290598290598,1.0,0.17392509306935944,-0.07961447535915611
net_charge,2.682978723404256,2.3,2.2688888888888887,1.5000000000000004,0.4316916415471376,-0.0505000909256228
