feature,low_mean,low_median,high_mean,high_median,p_value,effect_size
repeat_fraction,0.42222857700449523,0.47024893746205215,0.017220131348604818,0.0,2.3074634169634365e-15,-0.9137073863636365
max_homopolymer,50.78125,32.5,2.8636363636363638,3.0,5.648885576664781e-15,-0.9034090909090908
local_complexity,1.7213380748073623,1.6277787511568458,2.9851920086753467,2.996596284055138,6.148915345259328e-15,0.9339488636363636
shannon_entropy,2.914862429118836,2.907656811044346,4.0084102622184306,4.079752763165095,4.0200583078665086e-13,0.8686079545454546
fraction_charged,0.11207900133852805,0.09896949290888679,0.2124161599843775,0.21232357278281017,1.4123301594809359e-11,0.8089488636363636
member_count,40.28125,1.0,53.51136363636363,3.0,0.005360373437271999,0.32386363636363635
hydrophobicity_mean,0.17753541561354066,0.15413223140495863,-0.004719587435983724,-0.09265093004196975,0.05874093999212163,-0.2265625
seq_length,155.0,120.5,198.4431818181818,138.0,0.15161344147632322,0.171875
net_charge,0.8718750000000002,-0.39999999999999997,1.2806818181818178,1.1499999999999995,0.4350965544820078,0.09375
