feature,low_mean,low_median,high_mean,high_median,p_value,effect_size
shannon_entropy,3.782122199733253,3.946439223045225,4.019707243450948,4.075541349398046,8.507876140199609e-13,0.39540874308659746
local_complexity,2.7460331084314977,2.899668403403447,2.957317376913954,2.966355505947345,1.1484001815413021e-06,0.26890926080258604
fraction_charged,0.21419831145797236,0.22057692307692306,0.237212321336699,0.2398239823982398,0.0001396481770205813,0.2105588807232871
repeat_fraction,0.0839820453134091,0.0237440992038328,0.01866868243993637,0.0095923261390887,0.00020938722606180334,-0.19505265550420492
net_charge,4.356716417910447,4.0,1.3705583756345177,1.0999999999999996,0.00022280382048097116,-0.2040811172563579
seq_length,171.76119402985074,133.0,257.5160744500846,170.0,0.0010464699437286375,0.1812005960047478
max_homopolymer,16.455223880597014,3.0,2.9323181049069373,3.0,0.22474842515135163,-0.062416344672576285
hydrophobicity_mean,-0.27684215156902897,-0.33164005805515245,-0.28371081682437826,-0.2886131386861314,0.738237896507677,0.01848624895825446
member_count,23.940298507462686,1.0,32.49069373942471,1.0,0.8009180549299633,0.012930272495391026
