feature,low_mean,low_median,high_mean,high_median,p_value,effect_size
local_complexity,2.815927867467841,2.8721076199815583,2.9804877135944423,2.984397410316464,5.005792337658194e-15,0.515221027479092
shannon_entropy,3.8093835321644587,3.857239758264274,4.023522662791499,4.063398241063283,1.3714812896491982e-14,0.5068100358422939
repeat_fraction,0.03949516119069447,0.0148148148148148,0.015945746413774182,0.0,0.0006968137307323204,-0.20735961768219835
member_count,41.946236559139784,2.0,37.04,1.0,0.01766564195042818,-0.1410274790919952
seq_length,159.32258064516128,134.0,233.81555555555556,144.0,0.02986415951665556,0.14298685782556753
max_homopolymer,3.3870967741935485,3.0,2.6155555555555554,2.0,0.09922879141353633,-0.09882915173237761
hydrophobicity_mean,-0.3519824053038806,-0.4320754716981131,-0.31455489762444955,-0.31948905109489045,0.23407284004672468,0.07835125448028679
net_charge,0.4086021505376347,1.8000000000000007,-0.9359999999999998,0.1,0.30153893304193413,-0.06802867383512545
fraction_charged,0.2630816931565583,0.2660550458715596,0.2604779039490595,0.26488306165839826,0.48196501610728915,-0.046308243727598564
